Date,Open,High,Low,Close
2020-03-02,1.28016,1.28507,1.27407,1.2754
2020-03-03,1.27539,1.28435,1.27539,1.28126
2020-03-04,1.28126,1.28726,1.27703,1.28668
2020-03-05,1.28677,1.29682,1.28609,1.29528
2020-03-06,1.29568,1.30493,1.29492,1.30348
2020-03-09,1.30891,1.31997,1.30354,1.30962
2020-03-10,1.30962,1.30982,1.28697,1.29048
2020-03-11,1.29048,1.29764,1.28043,1.28145
2020-03-12,1.28144,1.28494,1.2492,1.2577
2020-03-13,1.25777,1.26244,1.22679,1.2277
2020-03-16,1.24062,1.24191,1.22026,1.22678
2020-03-17,1.22686,1.22735,1.20035,1.20755
2020-03-18,1.20756,1.21297,1.14611,1.16418
2020-03-19,1.16418,1.17922,1.1412,1.14356
2020-03-20,1.14355,1.19323,1.14355,1.16496
2020-03-23,1.15462,1.17152,1.14475,1.15566
2020-03-24,1.15566,1.17996,1.15466,1.17893
2020-03-25,1.17893,1.19731,1.16409,1.18181
2020-03-26,1.18178,1.22292,1.17777,1.21592
2020-03-27,1.21587,1.24854,1.21475,1.24567
2020-03-30,1.24468,1.2467,1.23177,1.23824
2020-03-31,1.23821,1.24729,1.22526,1.24324
2020-04-01,1.24319,1.24386,1.23306,1.2392
2020-04-02,1.23923,1.24746,1.23502,1.24054
2020-04-03,1.24054,1.24071,1.22063,1.22606
2020-04-06,1.22265,1.23271,1.22101,1.22314
2020-04-07,1.22311,1.2384,1.21663,1.23374
2020-04-08,1.23377,1.24193,1.22884,1.23965
2020-04-09,1.23955,1.24835,1.23617,1.24504
2020-04-13,1.2466,1.25346,1.24538,1.2511
2020-04-14,1.25116,1.26474,1.2504,1.26258
2020-04-15,1.26258,1.26311,1.24392,1.25276
2020-04-16,1.25276,1.2528,1.24087,1.24828
2020-04-17,1.24828,1.25219,1.24071,1.24969
2020-04-20,1.25021,1.25021,1.24169,1.24416
2020-04-21,1.24417,1.24443,1.22483,1.22974
2020-04-22,1.22974,1.23857,1.22751,1.23267
2020-04-23,1.23267,1.24132,1.23082,1.2347
2020-04-24,1.23474,1.23769,1.2299,1.23645
2020-04-27,1.23681,1.24548,1.236,1.24273
2020-04-28,1.24274,1.25183,1.24042,1.24245
2020-04-29,1.24245,1.24855,1.23893,1.24716
2020-04-30,1.2471,1.2643,1.24293,1.25955
2020-05-01,1.25958,1.26009,1.24832,1.25096
2020-05-04,1.24843,1.24846,1.24055,1.24409
2020-05-05,1.2441,1.2483,1.24206,1.24423
2020-05-06,1.24422,1.24496,1.23352,1.23449
2020-05-07,1.23449,1.24156,1.22662,1.23621
2020-05-08,1.23651,1.24673,1.23563,1.24052
2020-05-11,1.24042,1.24375,1.22839,1.2335
2020-05-12,1.23355,1.23758,1.22557,1.22682
2020-05-13,1.22682,1.23342,1.22105,1.22346
2020-05-14,1.22345,1.22417,1.21658,1.22315
2020-05-15,1.22315,1.22375,1.21113,1.21171
2020-05-18,1.20829,1.22271,1.208,1.21999
2020-05-19,1.21992,1.22956,1.21843,1.22445
2020-05-20,1.22445,1.22876,1.22223,1.22383
2020-05-21,1.22389,1.22492,1.21859,1.22245
2020-05-22,1.22245,1.22337,1.21619,1.21753
2020-05-25,1.21717,1.22035,1.2164,1.21885
2020-05-26,1.21873,1.23629,1.21864,1.23338
2020-05-27,1.2334,1.23542,1.22057,1.22613
2020-05-28,1.22608,1.23446,1.22342,1.23234
2020-05-29,1.23234,1.23933,1.22911,1.23512
2020-06-01,1.23396,1.25068,1.23277,1.24912
2020-06-02,1.24912,1.25759,1.24786,1.25493
2020-06-03,1.2549,1.26149,1.25469,1.25756
2020-06-04,1.25756,1.26325,1.25009,1.25904
2020-06-05,1.25904,1.27301,1.25833,1.26643
2020-06-08,1.26793,1.27359,1.26282,1.27236
2020-06-09,1.27232,1.27555,1.26183,1.27284
2020-06-10,1.27284,1.2813,1.27068,1.27466
2020-06-11,1.27477,1.27547,1.25866,1.2596
2020-06-12,1.25967,1.26536,1.24739,1.25218
2020-06-15,1.25146,1.26223,1.24543,1.26153
2020-06-16,1.26157,1.26872,1.25551,1.2567
2020-06-17,1.25673,1.25878,1.25114,1.25534
2020-06-18,1.25535,1.25669,1.24028,1.24219
2020-06-19,1.24206,1.24559,1.23445,1.23589
2020-06-22,1.23558,1.24771,1.23358,1.24692
2020-06-23,1.24708,1.25321,1.2433,1.25128
2020-06-24,1.25127,1.25428,1.24151,1.24262
2020-06-25,1.24257,1.24643,1.23899,1.24215
2020-06-26,1.24215,1.24371,1.23147,1.23433
2020-06-29,1.23372,1.23897,1.22518,1.23002
2020-06-30,1.22995,1.24017,1.22579,1.23992
2020-07-01,1.23997,1.24905,1.23596,1.24778
2020-07-02,1.24777,1.25297,1.24565,1.24677
2020-07-03,1.24666,1.24867,1.24387,1.24795
2020-07-06,1.24721,1.25197,1.24703,1.24914
2020-07-07,1.24914,1.25915,1.24628,1.25509
2020-07-08,1.2551,1.26233,1.25089,1.2613
2020-07-09,1.26129,1.26694,1.26006,1.26058
2020-07-10,1.26057,1.26638,1.25674,1.26277
2020-07-13,1.26269,1.26664,1.25507,1.25573
2020-07-14,1.25573,1.25637,1.24803,1.25589
2020-07-15,1.25577,1.26495,1.25577,1.25893
2020-07-16,1.25883,1.26247,1.25204,1.2554
2020-07-17,1.2554,1.25739,1.25119,1.25728
2020-07-20,1.25605,1.26653,1.25185,1.26557
2020-07-21,1.26582,1.27678,1.26505,1.27225
2020-07-22,1.27225,1.27437,1.26441,1.27305
2020-07-23,1.27308,1.27596,1.26731,1.27355
2020-07-24,1.27355,1.28038,1.27181,1.27872
2020-07-27,1.27923,1.29017,1.27855,1.28858
2020-07-28,1.28834,1.29528,1.28389,1.29298
2020-07-29,1.29298,1.30126,1.29121,1.30005
2020-07-30,1.30004,1.3103,1.29455,1.30919
2020-07-31,1.30923,1.31701,1.30818,1.3092
2020-08-03,1.30813,1.31128,1.3005,1.30751
2020-08-04,1.30763,1.31077,1.29816,1.3066
2020-08-05,1.30666,1.31621,1.30578,1.31203
2020-08-06,1.31198,1.31858,1.31158,1.31433
2020-08-07,1.31416,1.31477,1.301,1.30602
2020-08-10,1.30559,1.31033,1.30197,1.30713
2020-08-11,1.30713,1.31313,1.30416,1.30523
2020-08-12,1.30523,1.30677,1.30056,1.30326
2020-08-13,1.30314,1.31225,1.30309,1.30669
2020-08-14,1.30669,1.31424,1.3049,1.30861
2020-08-17,1.31029,1.31217,1.30744,1.3107
2020-08-18,1.31046,1.32498,1.31016,1.32403
2020-08-19,1.32403,1.32672,1.30941,1.31111
2020-08-20,1.31096,1.32242,1.30647,1.32162
2020-08-21,1.32162,1.32547,1.30592,1.30883
2020-08-24,1.30886,1.31487,1.30537,1.30662
2020-08-25,1.30662,1.31699,1.30588,1.31483
2020-08-26,1.31483,1.3219,1.31173,1.32089
2020-08-27,1.32099,1.3284,1.31615,1.32103
2020-08-28,1.32081,1.33565,1.31864,1.33483
2020-08-31,1.33507,1.33946,1.33012,1.33683
2020-09-01,1.33679,1.34822,1.33566,1.33819
2020-09-02,1.33819,1.34026,1.32837,1.33529
2020-09-03,1.33533,1.33586,1.32428,1.32778
2020-09-04,1.32777,1.33192,1.31762,1.32798
2020-09-07,1.32535,1.32595,1.3141,1.31629
2020-09-08,1.31635,1.31689,1.2976,1.29768
2020-09-09,1.29769,1.30235,1.28864,1.29964
2020-09-10,1.29968,1.30349,1.27741,1.28025
2020-09-11,1.28025,1.28655,1.27638,1.27974
2020-09-14,1.27962,1.29192,1.27913,1.28492
2020-09-15,1.28492,1.29256,1.28151,1.28916
2020-09-16,1.28916,1.30074,1.28756,1.29681
2020-09-17,1.29683,1.2996,1.28655,1.29725
2020-09-18,1.29713,1.29995,1.29153,1.29218
2020-09-21,1.29355,1.2966,1.27763,1.28143
2020-09-22,1.28152,1.28666,1.27113,1.27382
2020-09-23,1.2737,1.2777,1.26759,1.27239
2020-09-24,1.27239,1.27798,1.26911,1.27501
2020-09-25,1.27494,1.28046,1.26885,1.27479
2020-09-28,1.27619,1.29299,1.27514,1.28385
2020-09-29,1.28384,1.29027,1.2824,1.28604
2020-09-30,1.28603,1.29421,1.28064,1.29198
2020-10-01,1.29198,1.29783,1.28205,1.28835
2020-10-02,1.28835,1.29538,1.28376,1.29329
2020-10-05,1.29192,1.29907,1.29005,1.29775
2020-10-06,1.29775,1.30067,1.28676,1.28771
2020-10-07,1.2877,1.29297,1.28487,1.29133
2020-10-08,1.29133,1.29702,1.28917,1.29316
2020-10-09,1.29316,1.30449,1.29249,1.30386
2020-10-12,1.3029,1.30825,1.30054,1.30654
2020-10-13,1.30647,1.30694,1.29228,1.29374
2020-10-14,1.29375,1.30644,1.28641,1.30126
2020-10-15,1.30125,1.30299,1.2891,1.29049
2020-10-16,1.29049,1.29616,1.2863,1.29273
2020-10-19,1.29084,1.30246,1.29034,1.29426
2020-10-20,1.29426,1.29788,1.29115,1.29441
2020-10-21,1.29434,1.31769,1.29433,1.31449
2020-10-22,1.31448,1.31522,1.30706,1.3082
2020-10-23,1.3082,1.31217,1.30194,1.3046
2020-10-26,1.30427,1.30743,1.29934,1.30162
2020-10-27,1.30163,1.30797,1.30013,1.30271
2020-10-28,1.30272,1.30631,1.29169,1.29865
2020-10-29,1.2987,1.30252,1.28814,1.29277
2020-10-30,1.29277,1.29881,1.28993,1.29509
2020-11-02,1.29329,1.29429,1.28554,1.29144
2020-11-03,1.29141,1.30787,1.29136,1.30732
2020-11-04,1.30731,1.31398,1.29148,1.29411
2020-11-05,1.29429,1.31578,1.2939,1.31429
2020-11-06,1.31432,1.31772,1.30936,1.31521
2020-11-09,1.3164,1.32079,1.31189,1.31599
2020-11-10,1.31603,1.32778,1.31564,1.32705
2020-11-11,1.32692,1.32998,1.31919,1.32227
2020-11-12,1.32227,1.32282,1.31067,1.31185
2020-11-13,1.31185,1.31963,1.31095,1.31963
2020-11-16,1.31905,1.32423,1.31658,1.31953
2020-11-17,1.31953,1.32723,1.31934,1.3264
2020-11-18,1.32642,1.33118,1.32438,1.32676
2020-11-19,1.32679,1.32793,1.31972,1.32536
2020-11-20,1.32537,1.32965,1.32472,1.32913
2020-11-23,1.32966,1.33977,1.32647,1.33229
2020-11-24,1.33228,1.33801,1.32937,1.33587
2020-11-25,1.33588,1.33935,1.3305,1.33815
2020-11-26,1.33816,1.33978,1.33222,1.33569
2020-11-27,1.33569,1.33813,1.32934,1.32964
2020-11-30,1.3326,1.33819,1.33054,1.33291
2020-12-01,1.33292,1.34399,1.33157,1.34268
2020-12-02,1.34268,1.3441,1.32877,1.3372
2020-12-03,1.33724,1.34999,1.33534,1.34517
2020-12-04,1.34517,1.35391,1.34139,1.34349
2020-12-07,1.3419,1.34367,1.32249,1.33719
2020-12-08,1.33719,1.33903,1.32902,1.33605
2020-12-09,1.33605,1.34778,1.3324,1.3361
2020-12-10,1.33608,1.33895,1.32463,1.33015
2020-12-11,1.33014,1.33243,1.31352,1.32245
2020-12-14,1.33298,1.34446,1.32904,1.33297
2020-12-15,1.33299,1.34693,1.32805,1.34513
2020-12-16,1.34522,1.35535,1.34347,1.35029
2020-12-17,1.35029,1.36243,1.34958,1.35858
2020-12-18,1.35859,1.35865,1.34725,1.34991
2020-12-21,1.34314,1.34969,1.31897,1.34513
2020-12-22,1.34506,1.34697,1.33044,1.33621
2020-12-23,1.33621,1.35688,1.33621,1.35003
2020-12-24,1.35035,1.36194,1.3497,1.35283
2020-12-28,1.35502,1.35758,1.34298,1.34526
2020-12-29,1.34529,1.35228,1.34507,1.35023
2020-12-30,1.35023,1.36257,1.34938,1.36177
2020-12-31,1.36157,1.36859,1.36045,1.36721
2021-01-04,1.36636,1.37028,1.35421,1.35761
2021-01-05,1.35755,1.36414,1.35543,1.36226
2021-01-06,1.36233,1.36704,1.35404,1.36106
2021-01-07,1.36105,1.36332,1.35334,1.35643
2021-01-08,1.35645,1.36352,1.35392,1.35593
2021-01-11,1.35591,1.35628,1.34524,1.35096
2021-01-12,1.35097,1.36697,1.35048,1.36635
2021-01-13,1.36642,1.37,1.36119,1.36412
2021-01-14,1.36391,1.37083,1.36168,1.36881
2021-01-15,1.36883,1.36981,1.35724,1.3584
2021-01-18,1.3587,1.35985,1.35205,1.35833
2021-01-19,1.3584,1.36366,1.35784,1.36336
2021-01-20,1.36336,1.37177,1.36235,1.36545
2021-01-21,1.36545,1.37461,1.36541,1.37321
2021-01-22,1.37323,1.3736,1.36365,1.36798
2021-01-25,1.36787,1.37232,1.36492,1.36745
2021-01-26,1.36746,1.37443,1.36102,1.37348
2021-01-27,1.3735,1.37588,1.36594,1.36929
2021-01-28,1.36929,1.37459,1.36302,1.3728
2021-01-29,1.37278,1.37515,1.36574,1.3702
2021-02-01,1.37045,1.37577,1.36564,1.36666
2021-02-02,1.3667,1.37104,1.36113,1.36635
2021-02-03,1.36639,1.36834,1.36195,1.36453
2021-02-04,1.3646,1.36976,1.35668,1.36678
2021-02-05,1.36678,1.37401,1.36664,1.37378
2021-02-08,1.37297,1.37493,1.36808,1.37397
2021-02-09,1.37407,1.38198,1.37379,1.38145
2021-02-10,1.38145,1.38659,1.38028,1.3831
2021-02-11,1.38305,1.38592,1.38015,1.38171
2021-02-12,1.38171,1.38626,1.3776,1.38502
2021-02-15,1.38592,1.3919,1.38579,1.39095
2021-02-16,1.39094,1.39516,1.38694,1.39036
2021-02-17,1.39034,1.39058,1.38296,1.38611
2021-02-18,1.38611,1.39853,1.38399,1.39741
2021-02-19,1.39741,1.40356,1.39516,1.40074
2021-02-22,1.40151,1.40859,1.39806,1.40707
2021-02-23,1.40664,1.41169,1.40543,1.41135
2021-02-24,1.41134,1.42348,1.40823,1.4142
2021-02-25,1.4142,1.41818,1.40005,1.4012
2021-02-26,1.40115,1.4026,1.38882,1.39308
2021-03-01,1.39393,1.39991,1.39043,1.39279
2021-03-02,1.3928,1.3977,1.38592,1.39548
2021-03-03,1.39548,1.40063,1.39212,1.39502
2021-03-04,1.39503,1.40166,1.38805,1.38968
2021-03-05,1.38968,1.39067,1.37791,1.38464
2021-03-08,1.3842,1.38655,1.38003,1.3817
2021-03-09,1.38188,1.39251,1.3802,1.38926
2021-03-10,1.38905,1.39382,1.38462,1.39341
2021-03-11,1.3934,1.39945,1.3919,1.39874
2021-03-12,1.39874,1.4005,1.38636,1.39293
2021-03-15,1.39243,1.39496,1.38537,1.38962
2021-03-16,1.38963,1.39052,1.38095,1.38991
2021-03-17,1.38991,1.39753,1.3851,1.39633
2021-03-18,1.39628,1.40014,1.38976,1.39242
2021-03-19,1.39242,1.39593,1.38307,1.38649
2021-03-22,1.3839,1.38766,1.38179,1.38622
2021-03-23,1.38622,1.38643,1.37409,1.37479
2021-03-24,1.37476,1.37481,1.36744,1.36806
2021-03-25,1.36804,1.37455,1.36704,1.37408
2021-03-26,1.37396,1.38119,1.37383,1.37966
2021-03-29,1.37889,1.38469,1.37567,1.37621
2021-03-30,1.3763,1.37835,1.37065,1.37385
2021-03-31,1.37386,1.38107,1.37166,1.37826
2021-04-01,1.3783,1.38362,1.37467,1.38311
2021-04-05,1.38229,1.39137,1.38136,1.39084
2021-04-06,1.39087,1.39188,1.38027,1.38242
2021-04-07,1.38229,1.384,1.37247,1.3739
2021-04-08,1.3739,1.37825,1.3719,1.37346
2021-04-09,1.37348,1.37507,1.36706,1.37092
2021-04-12,1.37048,1.37765,1.36693,1.37433
2021-04-13,1.37433,1.3769,1.36944,1.37512
2021-04-14,1.37509,1.38088,1.375,1.37795
2021-04-15,1.37794,1.38089,1.3762,1.3785
2021-04-16,1.3785,1.3839,1.37174,1.38363
2021-04-19,1.38296,1.39925,1.381,1.39834
2021-04-20,1.39835,1.40088,1.39262,1.39372
2021-04-21,1.39372,1.39497,1.38863,1.39317
2021-04-22,1.39313,1.39495,1.38239,1.38407
2021-04-23,1.38407,1.38954,1.3835,1.38855
2021-04-26,1.3876,1.39292,1.38647,1.38992
2021-04-27,1.38978,1.39239,1.38587,1.39071
2021-04-28,1.39071,1.39504,1.38617,1.39376
2021-04-29,1.39375,1.39766,1.39321,1.39443
2021-04-30,1.39443,1.39584,1.38027,1.38136
2021-05-03,1.38161,1.39314,1.38037,1.3911
2021-05-04,1.3911,1.39129,1.38384,1.38864
2021-05-05,1.38864,1.39262,1.38763,1.39071
2021-05-06,1.39071,1.39406,1.38588,1.38893
2021-05-07,1.38904,1.40056,1.38889,1.40015
2021-05-10,1.40004,1.41578,1.39999,1.41211
2021-05-11,1.41211,1.41658,1.41044,1.41431
2021-05-12,1.41431,1.41527,1.40504,1.40581
2021-05-13,1.40577,1.40782,1.40062,1.40498
2021-05-14,1.40499,1.41106,1.40361,1.4098
2021-05-17,1.40984,1.41467,1.40776,1.41379
2021-05-18,1.41378,1.42198,1.41367,1.41863
2021-05-19,1.41861,1.42008,1.41005,1.41153
2021-05-20,1.41153,1.41925,1.41022,1.41909
2021-05-21,1.41905,1.42335,1.41407,1.41549
2021-05-24,1.41571,1.41717,1.41116,1.4156
2021-05-25,1.4156,1.4211,1.41164,1.41489
2021-05-26,1.4149,1.41761,1.41124,1.41208
2021-05-27,1.4121,1.42192,1.40916,1.42015
2021-05-28,1.42019,1.42083,1.41372,1.41915
2021-05-31,1.41923,1.42176,1.41643,1.42089
2021-06-01,1.42089,1.42494,1.41474,1.41503
2021-06-02,1.41498,1.41833,1.41123,1.41718
2021-06-03,1.41719,1.42029,1.40874,1.41033
2021-06-04,1.41033,1.42004,1.40836,1.41656
2021-06-07,1.41602,1.41896,1.41115,1.4181
2021-06-08,1.4181,1.41846,1.4121,1.41498
2021-06-09,1.41498,1.41887,1.411,1.41145
2021-06-10,1.41161,1.41785,1.40737,1.41759
2021-06-11,1.41758,1.41854,1.40955,1.41154
2021-06-14,1.41136,1.41239,1.40712,1.41104
2021-06-15,1.41097,1.41283,1.40347,1.40847
2021-06-16,1.40847,1.41326,1.39826,1.39873
2021-06-17,1.39874,1.40088,1.38958,1.39237
2021-06-18,1.39231,1.39444,1.37947,1.38118
2021-06-21,1.37989,1.3937,1.37865,1.39369
2021-06-22,1.39369,1.39635,1.38611,1.39466
2021-06-23,1.39471,1.40009,1.3924,1.3963
2021-06-24,1.3964,1.39867,1.389,1.39207
2021-06-25,1.39227,1.39356,1.38717,1.38912
2021-06-28,1.38853,1.39396,1.38711,1.38813
2021-06-29,1.38814,1.38822,1.38146,1.38403
2021-06-30,1.38404,1.3873,1.37986,1.38306
2021-07-01,1.38306,1.38339,1.3753,1.37634
2021-07-02,1.37629,1.38443,1.3733,1.38347
2021-07-05,1.38309,1.38621,1.38181,1.385
2021-07-06,1.38501,1.3898,1.37732,1.38006
2021-07-07,1.38006,1.38418,1.37545,1.38009
2021-07-08,1.38011,1.38052,1.37419,1.37851
2021-07-09,1.37839,1.3893,1.37576,1.38928
2021-07-12,1.38897,1.39098,1.38393,1.38878
2021-07-13,1.38878,1.39052,1.3801,1.38168
2021-07-14,1.38167,1.38917,1.38015,1.38606
2021-07-15,1.38609,1.38985,1.38051,1.38257
2021-07-16,1.38259,1.3862,1.3761,1.37615
2021-07-19,1.37672,1.37679,1.3655,1.36756
2021-07-20,1.36756,1.36894,1.35722,1.36278
2021-07-21,1.36278,1.37229,1.35915,1.37144
2021-07-22,1.37144,1.3787,1.36908,1.37621
2021-07-23,1.37624,1.37802,1.37203,1.375
2021-07-26,1.37553,1.38334,1.37373,1.38269
2021-07-27,1.38237,1.3894,1.37669,1.38838
2021-07-28,1.38835,1.39108,1.3845,1.39063
2021-07-29,1.39056,1.39821,1.38981,1.39618
2021-07-30,1.39618,1.39833,1.38883,1.38981
2021-08-02,1.38963,1.39327,1.38761,1.38839
2021-08-03,1.38843,1.39386,1.38831,1.39141
2021-08-04,1.39139,1.39578,1.38861,1.38872
2021-08-05,1.38872,1.39488,1.38726,1.39292
2021-08-06,1.39291,1.39329,1.3861,1.38767
2021-08-09,1.38816,1.38945,1.38414,1.38527
2021-08-10,1.38492,1.38726,1.38279,1.38408
2021-08-11,1.38411,1.38879,1.38037,1.38705
2021-08-12,1.38679,1.38787,1.37954,1.3812
2021-08-13,1.3812,1.3875,1.3792,1.38696
2021-08-16,1.38672,1.38771,1.38282,1.3841
2021-08-17,1.38412,1.38454,1.37267,1.37393
2021-08-18,1.37404,1.37836,1.3732,1.3754
2021-08-19,1.37543,1.37582,1.36315,1.36358
2021-08-20,1.36359,1.3641,1.36022,1.36248
2021-08-23,1.36182,1.37321,1.36164,1.37233
2021-08-24,1.37234,1.37472,1.36941,1.37323
2021-08-25,1.37323,1.37669,1.36969,1.37598
2021-08-26,1.37597,1.3768,1.36896,1.37009
2021-08-27,1.37009,1.37801,1.36804,1.3763
2021-08-30,1.37527,1.37753,1.37339,1.37564
2021-08-31,1.37554,1.3807,1.37428,1.37574
2021-09-01,1.37578,1.37979,1.37312,1.37708
2021-09-02,1.37707,1.38399,1.37674,1.38362
2021-09-03,1.38363,1.38916,1.3818,1.38635
2021-09-06,1.38604,1.38686,1.3819,1.38387
2021-09-07,1.38388,1.38568,1.37682,1.37867
2021-09-08,1.3787,1.37906,1.37268,1.37738
2021-09-09,1.37739,1.38631,1.37536,1.38381
2021-09-10,1.3838,1.38887,1.3831,1.3831
2021-09-13,1.38375,1.3851,1.37973,1.38387
2021-09-14,1.38387,1.39131,1.38037,1.38097
2021-09-15,1.38097,1.38541,1.37928,1.38431
2021-09-16,1.38435,1.38528,1.37646,1.37956
2021-09-17,1.37952,1.3813,1.37352,1.37359
2021-09-20,1.37396,1.3743,1.36408,1.36592
2021-09-21,1.36593,1.36934,1.36413,1.36612
2021-09-22,1.36611,1.36894,1.36096,1.36202
2021-09-23,1.36202,1.37508,1.36121,1.37221
2021-09-24,1.37202,1.37364,1.36583,1.36718
2021-09-27,1.36664,1.37287,1.36582,1.3703
2021-09-28,1.3703,1.37176,1.3521,1.35387
2021-09-29,1.35386,1.35548,1.3412,1.34259
2021-09-30,1.3426,1.35174,1.34161,1.34729
2021-10-01,1.34729,1.35758,1.34339,1.35517
2021-10-04,1.35456,1.36397,1.35326,1.36098
2021-10-05,1.36102,1.36475,1.35852,1.36253
2021-10-06,1.3626,1.36315,1.35443,1.35843
2021-10-07,1.35843,1.36376,1.35708,1.36159
2021-10-08,1.36145,1.36567,1.35837,1.36199
2021-10-11,1.36215,1.36738,1.35848,1.35961
2021-10-12,1.35966,1.36372,1.3569,1.35883
2021-10-13,1.35885,1.3665,1.35761,1.36603
2021-10-14,1.36605,1.37346,1.36585,1.36749
2021-10-15,1.36748,1.37732,1.3668,1.37432
2021-10-18,1.37567,1.37655,1.37096,1.37284
2021-10-19,1.37287,1.38331,1.37283,1.37934
2021-10-20,1.37932,1.38344,1.37425,1.38269
2021-10-21,1.38264,1.38332,1.37765,1.37941
2021-10-22,1.37959,1.38147,1.37366,1.37612
2021-10-25,1.3751,1.37917,1.37422,1.37685
2021-10-26,1.37682,1.38295,1.37571,1.37658
2021-10-27,1.37653,1.3781,1.37099,1.37411
2021-10-28,1.37415,1.38147,1.37224,1.37955
2021-10-29,1.37958,1.38041,1.36688,1.36851
2021-11-01,1.36856,1.36932,1.36423,1.36602
2021-11-02,1.36601,1.36678,1.36062,1.36153
2021-11-03,1.36157,1.36946,1.36082,1.36914
2021-11-04,1.36907,1.36979,1.34715,1.35043
2021-11-05,1.35043,1.35089,1.34248,1.34981
2021-11-08,1.34901,1.35795,1.34506,1.35635
2021-11-09,1.3563,1.36048,1.35244,1.35583
2021-11-10,1.3559,1.35651,1.34017,1.34082
2021-11-11,1.34067,1.34334,1.3359,1.33659
2021-11-12,1.33658,1.34263,1.33535,1.34216
2021-11-15,1.34163,1.34493,1.34035,1.34112
2021-11-16,1.34109,1.34727,1.34054,1.3427
2021-11-17,1.34262,1.34964,1.33966,1.34919
2021-11-18,1.34924,1.35135,1.3464,1.35005
2021-11-19,1.35003,1.35097,1.34082,1.34431
2021-11-22,1.34443,1.34498,1.33851,1.33962
2021-11-23,1.33954,1.34087,1.33427,1.3377
2021-11-24,1.3377,1.33894,1.33163,1.33279
2021-11-25,1.33278,1.33535,1.33057,1.3321
2021-11-26,1.33211,1.33616,1.32789,1.33541
2021-11-29,1.3334,1.33631,1.32877,1.33091
2021-11-30,1.33097,1.33703,1.31953,1.32974
2021-12-01,1.32974,1.33517,1.32625,1.32757
2021-12-02,1.32756,1.33337,1.32718,1.33028
2021-12-03,1.33019,1.33105,1.32089,1.324
2021-12-06,1.3246,1.32858,1.32227,1.32603
2021-12-07,1.32603,1.32893,1.32094,1.32431
2021-12-08,1.32419,1.32613,1.31681,1.32057
2021-12-09,1.32058,1.32243,1.3173,1.32205
2021-12-10,1.32207,1.32755,1.31876,1.32696
2021-12-13,1.32575,1.32687,1.32074,1.32151
2021-12-14,1.32149,1.32565,1.31913,1.32291
2021-12-15,1.32288,1.32827,1.3173,1.32643
2021-12-16,1.32637,1.33745,1.32414,1.33247
2021-12-17,1.33239,1.33394,1.32356,1.32356
2021-12-20,1.32369,1.32448,1.31737,1.32078
2021-12-21,1.32079,1.3271,1.31984,1.32678
2021-12-22,1.3267,1.3363,1.32406,1.33516
2021-12-23,1.33519,1.34374,1.33428,1.341
2021-12-24,1.341,1.34215,1.33881,1.33991
2021-12-27,1.33928,1.34449,1.33927,1.34411
2021-12-28,1.34408,1.34618,1.3416,1.34365
2021-12-29,1.34368,1.34991,1.34092,1.34867
2021-12-30,1.34867,1.35219,1.34546,1.35008
2021-12-31,1.35008,1.35502,1.34657,1.3524
2022-01-03,1.35319,1.35346,1.34311,1.34746
2022-01-04,1.34748,1.35575,1.34599,1.35268
2022-01-05,1.35268,1.35982,1.35228,1.35545
2022-01-06,1.35534,1.3559,1.34906,1.35343
2022-01-07,1.35342,1.3597,1.35284,1.3595
2022-01-10,1.35804,1.36038,1.35328,1.35781
2022-01-11,1.35788,1.36365,1.35618,1.36329
2022-01-12,1.36323,1.37132,1.36211,1.37061
2022-01-13,1.37059,1.37487,1.3701,1.37108
2022-01-14,1.37109,1.37426,1.36537,1.36796
2022-01-17,1.36765,1.36899,1.36376,1.36465
2022-01-18,1.36466,1.36616,1.35734,1.35997
2022-01-19,1.35998,1.36486,1.35883,1.36123
2022-01-20,1.36124,1.36618,1.35872,1.36002
2022-01-21,1.35994,1.36023,1.35459,1.35535
2022-01-24,1.3553,1.35656,1.34406,1.34873
2022-01-25,1.34878,1.35186,1.34369,1.35064
2022-01-26,1.35066,1.35244,1.34455,1.34632
2022-01-27,1.34634,1.3468,1.33586,1.33814
2022-01-28,1.33815,1.34324,1.33654,1.33972
2022-01-31,1.33986,1.34605,1.33877,1.34445
2022-02-01,1.34442,1.35281,1.34348,1.35243
2022-02-02,1.35236,1.35866,1.35167,1.35761
2022-02-03,1.35758,1.36278,1.35383,1.36014
2022-02-04,1.36012,1.36149,1.35054,1.35311
2022-02-07,1.35331,1.35509,1.34908,1.35331
2022-02-08,1.3532,1.35639,1.35082,1.35469
2022-02-09,1.35477,1.3589,1.35269,1.35352
2022-02-10,1.35355,1.36437,1.35241,1.3561
2022-02-11,1.35618,1.3609,1.35142,1.35517
2022-02-14,1.35589,1.35721,1.34953,1.35327
2022-02-15,1.35312,1.3567,1.34867,1.35419
2022-02-16,1.3542,1.36009,1.35387,1.35832
2022-02-17,1.35813,1.36376,1.35566,1.36159
2022-02-18,1.36156,1.36424,1.35736,1.35971
2022-02-21,1.35943,1.36386,1.35862,1.35949
2022-02-22,1.35959,1.36046,1.35389,1.3587
2022-02-23,1.35862,1.36207,1.35362,1.35452
2022-02-24,1.35448,1.35495,1.32734,1.33785
2022-02-25,1.33783,1.34386,1.33666,1.34119
2022-02-28,1.33423,1.34319,1.33359,1.34212
2022-03-01,1.34221,1.34372,1.33026,1.33264
2022-03-02,1.33263,1.34071,1.32723,1.34041
2022-03-03,1.34043,1.34176,1.33176,1.3346
2022-03-04,1.33456,1.33506,1.32033,1.32495
2022-03-07,1.3234,1.32485,1.31026,1.31071
2022-03-08,1.31067,1.31433,1.30824,1.30994
2022-03-09,1.30979,1.31894,1.30882,1.31845
2022-03-10,1.31854,1.31943,1.30818,1.30854
2022-03-11,1.30853,1.31251,1.30278,1.30353
2022-03-14,1.30401,1.30788,1.30011,1.30072
2022-03-15,1.30078,1.30882,1.30007,1.3043
2022-03-16,1.30434,1.31563,1.30361,1.31308
2022-03-17,1.31311,1.3211,1.30885,1.31509
2022-03-18,1.31509,1.31971,1.3111,1.31771
2022-03-21,1.31703,1.32097,1.31272,1.31679
2022-03-22,1.31679,1.32737,1.31203,1.32707
2022-03-23,1.32694,1.32985,1.31759,1.31974
2022-03-24,1.31992,1.32142,1.31572,1.31913
2022-03-25,1.31915,1.3225,1.316,1.31818
2022-03-28,1.31845,1.31879,1.30675,1.30951
2022-03-29,1.30957,1.31597,1.30516,1.30977
2022-03-30,1.30972,1.31826,1.30893,1.31352
2022-03-31,1.31352,1.31733,1.31074,1.31385
2022-04-01,1.3138,1.31519,1.30864,1.31136
2022-04-04,1.31087,1.31371,1.30935,1.31164
2022-04-05,1.31175,1.31668,1.3067,1.30744
2022-04-06,1.30745,1.31082,1.30455,1.30675
2022-04-07,1.30669,1.31065,1.30521,1.30757
2022-04-08,1.30761,1.30773,1.29831,1.30338
2022-04-11,1.30308,1.30564,1.29896,1.30307
2022-04-12,1.30308,1.3054,1.2995,1.30034
2022-04-13,1.30034,1.31182,1.29737,1.3117
2022-04-14,1.31167,1.31472,1.30343,1.30751
2022-04-18,1.30579,1.30648,1.3005,1.30118
2022-04-19,1.30102,1.30406,1.29814,1.29997
2022-04-20,1.29994,1.30703,1.29968,1.30639
2022-04-21,1.30635,1.30903,1.30234,1.30335
2022-04-22,1.3034,1.30355,1.28231,1.28276
2022-04-25,1.28383,1.28405,1.26977,1.2744
2022-04-26,1.27443,1.27725,1.25715,1.25733
2022-04-27,1.25737,1.26015,1.25026,1.25413
2022-04-28,1.2542,1.25694,1.24119,1.24596
2022-04-29,1.24597,1.26143,1.24544,1.25758
2022-05-02,1.2581,1.25976,1.24734,1.24894
2022-05-03,1.24899,1.25669,1.24708,1.24975
2022-05-04,1.24975,1.26383,1.24521,1.26339
2022-05-05,1.26338,1.26343,1.23255,1.23585
2022-05-06,1.23585,1.23803,1.22767,1.23427
2022-05-09,1.23454,1.24061,1.22614,1.233
2022-05-10,1.23302,1.23749,1.22927,1.23163
2022-05-11,1.23168,1.23995,1.2238,1.22505
2022-05-12,1.22511,1.22532,1.21671,1.21975
2022-05-13,1.21973,1.22488,1.21562,1.22423
2022-05-16,1.22474,1.23296,1.22178,1.2322
2022-05-17,1.23227,1.24988,1.23195,1.24918
2022-05-18,1.24913,1.25007,1.23301,1.23412
2022-05-19,1.23417,1.25248,1.23388,1.24773
2022-05-20,1.2477,1.24996,1.24395,1.24889
2022-05-23,1.24885,1.26012,1.24843,1.25876
2022-05-24,1.25878,1.25985,1.24719,1.2534
2022-05-25,1.25339,1.25908,1.24814,1.25799
2022-05-26,1.25807,1.26206,1.25523,1.26033
2022-05-27,1.26033,1.26668,1.25872,1.26298
2022-05-30,1.26269,1.26597,1.26165,1.26531
2022-05-31,1.26536,1.26541,1.25607,1.26009
2022-06-01,1.26003,1.26167,1.24591,1.24863
2022-06-02,1.24863,1.25867,1.24698,1.25762
2022-06-03,1.25761,1.25897,1.24921,1.24977
2022-06-06,1.24916,1.25769,1.24775,1.25318
2022-06-07,1.25318,1.25994,1.2433,1.25906
2022-06-08,1.25904,1.25975,1.25136,1.25367
2022-06-09,1.25369,1.25563,1.24874,1.24958
2022-06-10,1.24976,1.25174,1.23013,1.23106
2022-06-13,1.23168,1.23208,1.21079,1.21359
2022-06-14,1.21354,1.22058,1.19353,1.19988
2022-06-15,1.19992,1.2204,1.19896,1.21717
2022-06-16,1.21706,1.24065,1.20413,1.23545
2022-06-17,1.23545,1.23605,1.21733,1.22135
2022-06-20,1.22259,1.22802,1.21995,1.22484
2022-06-21,1.22489,1.23238,1.22426,1.22799
2022-06-22,1.22801,1.23147,1.21635,1.2265
2022-06-23,1.22657,1.2294,1.21708,1.22587
2022-06-24,1.2259,1.232,1.22414,1.22869
2022-06-27,1.22697,1.2332,1.22386,1.22678
2022-06-28,1.22702,1.22914,1.21807,1.2186
2022-06-29,1.21872,1.22121,1.21063,1.21216
2022-06-30,1.21218,1.21882,1.20924,1.21753
2022-07-01,1.21755,1.21768,1.19766,1.20977
2022-07-04,1.20986,1.21651,1.20849,1.21029
2022-07-05,1.2103,1.21248,1.1899,1.19555
2022-07-06,1.19555,1.19878,1.18765,1.19165
2022-07-07,1.19165,1.20298,1.19092,1.20229
2022-07-08,1.20229,1.20552,1.19197,1.20316
2022-07-11,1.20362,1.20374,1.18671,1.18926
2022-07-12,1.18915,1.19156,1.18075,1.18868
2022-07-13,1.18879,1.19667,1.18293,1.18928
2022-07-14,1.18931,1.18937,1.1761,1.18263
2022-07-15,1.18269,1.18742,1.18056,1.18674
2022-07-18,1.18679,1.20326,1.18632,1.19528
2022-07-19,1.19529,1.20447,1.19252,1.19998
2022-07-20,1.20003,1.20376,1.19538,1.19793
2022-07-21,1.19794,1.20069,1.18904,1.19961
2022-07-22,1.19942,1.20627,1.1918,1.19975
2022-07-25,1.20006,1.2086,1.19608,1.20462
2022-07-26,1.20467,1.20901,1.19641,1.20313
2022-07-27,1.2032,1.21862,1.20207,1.21583
2022-07-28,1.21589,1.21907,1.21039,1.21755
2022-07-29,1.21761,1.22443,1.20638,1.21779
2022-08-01,1.21777,1.22921,1.21576,1.22536
2022-08-02,1.22531,1.22787,1.21595,1.21636
2022-08-03,1.21634,1.22076,1.21003,1.21452
2022-08-04,1.21445,1.22075,1.2067,1.21582
2022-08-05,1.21585,1.21687,1.2004,1.20706
2022-08-08,1.20675,1.21369,1.20478,1.20797
2022-08-09,1.20797,1.21302,1.20634,1.20756
2022-08-10,1.20739,1.22758,1.20654,1.2216
2022-08-11,1.22161,1.22493,1.21826,1.21991
2022-08-12,1.21991,1.22166,1.21009,1.21371
2022-08-15,1.21367,1.21475,1.20506,1.20583
2022-08-16,1.20577,1.21178,1.20085,1.20932
2022-08-17,1.20923,1.21413,1.20283,1.20511
2022-08-18,1.205,1.2079,1.19231,1.19311
2022-08-19,1.19308,1.19361,1.17924,1.18305
2022-08-22,1.18277,1.18367,1.17423,1.1765
2022-08-23,1.1766,1.18775,1.17176,1.1834
2022-08-24,1.18337,1.18381,1.17561,1.17939
2022-08-25,1.17937,1.18636,1.17846,1.18366
2022-08-26,1.18374,1.19005,1.17338,1.17365
2022-08-29,1.17302,1.17438,1.1649,1.1706
2022-08-30,1.17046,1.17589,1.16225,1.16557
2022-08-31,1.16555,1.16937,1.15997,1.16175
2022-09-01,1.1619,1.16199,1.15001,1.15419
2022-09-02,1.15415,1.15888,1.14963,1.15096
2022-09-05,1.1487,1.15231,1.14438,1.15217
2022-09-06,1.15218,1.16086,1.14949,1.15179
2022-09-07,1.15174,1.15391,1.14062,1.15377
2022-09-08,1.15374,1.15596,1.14622,1.15023
2022-09-09,1.1503,1.16481,1.1502,1.15914
2022-09-12,1.16318,1.17103,1.16009,1.16811
2022-09-13,1.16809,1.17379,1.14921,1.14936
2022-09-14,1.14942,1.15897,1.14803,1.15409
2022-09-15,1.15425,1.15492,1.14617,1.14667
2022-09-16,1.1467,1.14805,1.13511,1.14253
2022-09-19,1.14211,1.14425,1.13557,1.14344
2022-09-20,1.14346,1.14608,1.13575,1.13788
2022-09-21,1.13787,1.1385,1.12387,1.12749
2022-09-22,1.12765,1.13636,1.12128,1.12545
2022-09-23,1.12544,1.12736,1.08401,1.08671
2022-09-26,1.082,1.09304,1.03393,1.06788
2022-09-27,1.06779,1.08383,1.06551,1.07318
2022-09-28,1.07325,1.09147,1.05408,1.08853
2022-09-29,1.08858,1.11279,1.07627,1.11228
2022-09-30,1.11228,1.12342,1.10255,1.11666
2022-10-03,1.11881,1.13343,1.10859,1.13187
2022-10-04,1.13189,1.14889,1.1281,1.14723
2022-10-05,1.14718,1.14951,1.12274,1.13221
2022-10-06,1.13227,1.13832,1.11163,1.1168
2022-10-07,1.11677,1.12252,1.10557,1.10801
2022-10-10,1.10906,1.1111,1.10199,1.10579
2022-10-11,1.106,1.11795,1.09533,1.0976
2022-10-12,1.09759,1.11324,1.09245,1.1102
2022-10-13,1.11022,1.13796,1.1058,1.13305
2022-10-14,1.13315,1.13658,1.1153,1.11833
2022-10-17,1.12238,1.14398,1.1216,1.13643
2022-10-18,1.1365,1.14099,1.12561,1.13249
2022-10-19,1.13246,1.13579,1.11856,1.12191
2022-10-20,1.12187,1.13352,1.11716,1.12363
2022-10-21,1.12366,1.13101,1.10616,1.1302
2022-10-24,1.13928,1.14085,1.12584,1.128
2022-10-25,1.12796,1.14994,1.12722,1.1472
2022-10-26,1.14724,1.16384,1.14313,1.16239
2022-10-27,1.16237,1.16451,1.15499,1.15672
2022-10-28,1.15671,1.16234,1.15042,1.16172
2022-10-31,1.16007,1.16132,1.14605,1.14699
2022-11-01,1.14699,1.15656,1.14377,1.14805
2022-11-02,1.14805,1.15635,1.13853,1.13876
2022-11-03,1.13868,1.14219,1.115,1.11644
2022-11-04,1.11656,1.13818,1.11515,1.13762
2022-11-07,1.13202,1.15417,1.1291,1.15115
2022-11-08,1.15116,1.15983,1.14306,1.15475
2022-11-09,1.15465,1.15669,1.13341,1.13579
2022-11-10,1.13581,1.17315,1.13541,1.17003
2022-11-11,1.17004,1.18547,1.16478,1.18445
2022-11-14,1.17803,1.18284,1.17112,1.17538
2022-11-15,1.17539,1.20235,1.17413,1.18638
2022-11-16,1.18641,1.19421,1.18318,1.19133
2022-11-17,1.19131,1.19577,1.17642,1.18649
2022-11-18,1.18641,1.19507,1.18584,1.18828
2022-11-21,1.18895,1.18959,1.17789,1.18222
2022-11-22,1.18204,1.19029,1.18192,1.18867
2022-11-23,1.1887,1.20804,1.1873,1.20526
2022-11-24,1.20532,1.21536,1.20532,1.21145
2022-11-25,1.21141,1.21274,1.20587,1.2098
2022-11-28,1.20682,1.21181,1.1941,1.19602
2022-11-29,1.1961,1.20642,1.19455,1.19527
2022-11-30,1.19527,1.20871,1.19009,1.206
2022-12-01,1.206,1.23027,1.206,1.22579
2022-12-02,1.22579,1.22999,1.2135,1.22816
2022-12-05,1.22822,1.23446,1.21619,1.2194
2022-12-06,1.21935,1.22672,1.21279,1.21316
2022-12-07,1.2131,1.22344,1.21069,1.22087
2022-12-08,1.22086,1.22473,1.21549,1.22329
2022-12-09,1.22331,1.23226,1.22121,1.22578
2022-12-12,1.22597,1.22989,1.22065,1.22648
2022-12-13,1.22648,1.2444,1.22484,1.23675
2022-12-14,1.23678,1.24457,1.23424,1.24281
2022-12-15,1.24279,1.24289,1.2157,1.21869
2022-12-16,1.21863,1.22232,1.21202,1.21611
2022-12-19,1.21611,1.22414,1.2121,1.21469
2022-12-20,1.21475,1.22233,1.2086,1.21842
2022-12-21,1.21848,1.21923,1.20554,1.20828
2022-12-22,1.20826,1.21462,1.19932,1.20383
2022-12-23,1.20367,1.20902,1.20188,1.20474
2022-12-27,1.20663,1.21121,1.20029,1.20294
2022-12-28,1.20293,1.21256,1.20025,1.20182
2022-12-29,1.20171,1.20785,1.20148,1.20552
2022-12-30,1.20548,1.21069,1.20106,1.2089
2023-01-02,1.20819,1.21032,1.20349,1.2049
2023-01-03,1.20489,1.20846,1.19008,1.19693
2023-01-04,1.19689,1.2087,1.19582,1.20604
2023-01-05,1.20617,1.20776,1.18739,1.19121
2023-01-06,1.19121,1.20995,1.18416,1.20954
2023-01-09,1.20894,1.22102,1.20888,1.21827
2023-01-10,1.21827,1.21976,1.21104,1.21483
2023-01-11,1.21484,1.21783,1.21007,1.21465
2023-01-12,1.21467,1.2247,1.20889,1.22154
2023-01-13,1.22164,1.22479,1.21508,1.22344
2023-01-16,1.22306,1.22891,1.21725,1.22002
2023-01-17,1.22011,1.22988,1.21696,1.22854
2023-01-18,1.22854,1.24358,1.22557,1.23469
2023-01-19,1.23471,1.23975,1.23134,1.23885
2023-01-20,1.23886,1.24044,1.23356,1.23944
2023-01-23,1.24031,1.2448,1.23239,1.23793
2023-01-24,1.23795,1.24137,1.22641,1.2334
2023-01-25,1.23349,1.24059,1.22839,1.24004
2023-01-26,1.24012,1.24304,1.23455,1.24079
2023-01-27,1.24072,1.24189,1.23459,1.23907
2023-01-30,1.23916,1.24172,1.23381,1.23543
2023-01-31,1.2354,1.23708,1.22845,1.23172
2023-02-01,1.23174,1.23922,1.22746,1.23751
2023-02-02,1.23746,1.24006,1.22227,1.22271
2023-02-03,1.22278,1.22654,1.20503,1.20505
2023-02-06,1.20413,1.20773,1.20059,1.202
2023-02-07,1.20192,1.20943,1.19615,1.20487
2023-02-08,1.20506,1.21099,1.20387,1.20701
2023-02-09,1.20701,1.2194,1.2057,1.21215
2023-02-10,1.21215,1.2139,1.20476,1.2055
2023-02-13,1.20551,1.21521,1.20318,1.21362
2023-02-14,1.21365,1.2264,1.21191,1.21745
2023-02-15,1.21742,1.21819,1.199,1.20294
2023-02-16,1.20315,1.2074,1.19655,1.19861
2023-02-17,1.1987,1.2049,1.19152,1.20443
2023-02-20,1.2036,1.20565,1.20149,1.20401
2023-02-21,1.20405,1.21471,1.19867,1.21091
2023-02-22,1.21098,1.21356,1.20357,1.20449
2023-02-23,1.20447,1.2075,1.19925,1.20194
2023-02-24,1.2019,1.20419,1.19286,1.19431
2023-02-27,1.19468,1.20661,1.19229,1.20585
2023-02-28,1.20582,1.21426,1.20128,1.20353
2023-03-01,1.20348,1.20889,1.19661,1.20261
2023-03-02,1.20263,1.20365,1.19254,1.19518
2023-03-03,1.19511,1.20489,1.19485,1.20447
2023-03-06,1.20381,1.20487,1.19933,1.20261
2023-03-07,1.20263,1.20652,1.18218,1.18329
2023-03-08,1.18318,1.18586,1.18054,1.18419
2023-03-09,1.18427,1.19382,1.18322,1.19228
2023-03-10,1.19226,1.21128,1.19096,1.20255
2023-03-13,1.20859,1.21995,1.20474,1.21793
2023-03-14,1.21792,1.22028,1.21363,1.21557
2023-03-15,1.21557,1.21819,1.20105,1.20562
2023-03-16,1.20563,1.21279,1.20282,1.21068
2023-03-17,1.21067,1.22006,1.2102,1.21801
2023-03-20,1.2184,1.2285,1.21672,1.22778
2023-03-21,1.22779,1.22824,1.21792,1.22236
2023-03-22,1.22236,1.2334,1.22088,1.2266
2023-03-23,1.22659,1.23435,1.2263,1.22816
2023-03-24,1.22807,1.22886,1.21914,1.22331
2023-03-27,1.22352,1.22928,1.22193,1.22855
2023-03-28,1.22846,1.23491,1.22814,1.23376
2023-03-29,1.23379,1.23614,1.23034,1.23159
2023-03-30,1.23159,1.23931,1.22944,1.23887
2023-03-31,1.23883,1.24225,1.23256,1.23372
2023-04-03,1.23262,1.24237,1.22748,1.24174
2023-04-04,1.24181,1.25254,1.23953,1.25017
2023-04-05,1.25016,1.25142,1.24333,1.24617
2023-04-06,1.24611,1.24868,1.24131,1.24412
2023-04-10,1.2423,1.24428,1.23448,1.23831
2023-04-11,1.2382,1.24563,1.23814,1.24272
2023-04-12,1.24271,1.24951,1.23988,1.2483
2023-04-13,1.24845,1.25374,1.2479,1.25262
2023-04-14,1.25249,1.25466,1.23995,1.24165
2023-04-17,1.24186,1.24383,1.23536,1.2379
2023-04-18,1.23802,1.24496,1.23678,1.2426
2023-04-19,1.24266,1.24742,1.2393,1.2437
2023-04-20,1.24369,1.24677,1.24051,1.24415
2023-04-21,1.2442,1.24464,1.23672,1.24442
2023-04-24,1.24411,1.24864,1.2411,1.24848
2023-04-25,1.24849,1.25073,1.2388,1.24109
2023-04-26,1.2411,1.25139,1.2403,1.24682
2023-04-27,1.24669,1.24997,1.24377,1.24947
2023-04-28,1.24947,1.2584,1.2447,1.25678
2023-05-01,1.25681,1.25708,1.24808,1.24946
2023-05-02,1.24954,1.25117,1.24359,1.24705
2023-05-03,1.24711,1.25902,1.24684,1.25669
2023-05-04,1.25666,1.25986,1.25487,1.25733
2023-05-05,1.25724,1.26524,1.25614,1.26351
2023-05-08,1.26323,1.2669,1.26133,1.26194
2023-05-09,1.26194,1.26399,1.25789,1.26223
2023-05-10,1.2619,1.26798,1.26029,1.2624
2023-05-11,1.26238,1.26408,1.24969,1.25117
2023-05-12,1.25129,1.2541,1.24453,1.24509
2023-05-15,1.24527,1.25346,1.24451,1.25281
2023-05-16,1.25282,1.25466,1.24662,1.24831
2023-05-17,1.24835,1.25102,1.24219,1.24896
2023-05-18,1.24906,1.24928,1.23918,1.2406
2023-05-19,1.24054,1.24837,1.23924,1.24498
2023-05-22,1.24474,1.24725,1.2414,1.24361
2023-05-23,1.24364,1.24465,1.23731,1.24162
2023-05-24,1.24169,1.24691,1.23582,1.23669
2023-05-25,1.23665,1.23868,1.23083,1.23229
2023-05-26,1.23222,1.23953,1.23114,1.23519
2023-05-29,1.23489,1.23721,1.23356,1.23584
2023-05-30,1.2358,1.24457,1.23278,1.24138
2023-05-31,1.24135,1.24441,1.23488,1.24392
2023-06-01,1.24381,1.25391,1.24013,1.25259
2023-06-02,1.25238,1.25447,1.24415,1.24501
2023-06-05,1.24493,1.24512,1.23688,1.2434
2023-06-06,1.2434,1.24588,1.2392,1.24211
2023-06-07,1.2421,1.24999,1.2395,1.24394
2023-06-08,1.24414,1.25612,1.24367,1.25584
2023-06-09,1.2559,1.25902,1.25347,1.25771
2023-06-12,1.25816,1.25991,1.24872,1.25145
2023-06-13,1.25141,1.26247,1.25103,1.26123
2023-06-14,1.26116,1.26991,1.26013,1.26631
2023-06-15,1.26645,1.2787,1.26301,1.27821
2023-06-16,1.27822,1.28483,1.27686,1.28204
2023-06-19,1.28279,1.28373,1.27715,1.27982
2023-06-20,1.27979,1.28067,1.27146,1.27648
2023-06-21,1.27638,1.27996,1.26916,1.27687
2023-06-22,1.27692,1.28341,1.2726,1.27434
2023-06-23,1.27438,1.2749,1.26874,1.27185
2023-06-26,1.2715,1.27485,1.26888,1.27117
2023-06-27,1.27117,1.27589,1.2704,1.2749
2023-06-28,1.27486,1.2752,1.26071,1.2638
2023-06-29,1.26396,1.26661,1.25914,1.26106
2023-06-30,1.26108,1.27271,1.25995,1.26997
2023-07-03,1.26981,1.27232,1.26587,1.2691
2023-07-04,1.2691,1.27388,1.26838,1.27122
2023-07-05,1.27128,1.27344,1.26885,1.27038
2023-07-06,1.27036,1.27804,1.26743,1.27399
2023-07-07,1.27399,1.28495,1.27259,1.2831
2023-07-10,1.28349,1.28683,1.27509,1.28595
2023-07-11,1.2859,1.29348,1.28582,1.29311
2023-07-12,1.29302,1.30005,1.29042,1.29889
2023-07-13,1.29892,1.31407,1.29866,1.31325
2023-07-14,1.31317,1.31423,1.30927,1.30935
2023-07-17,1.30938,1.31082,1.30522,1.30744
2023-07-18,1.30752,1.31254,1.30288,1.30384
2023-07-19,1.30384,1.30417,1.28692,1.29381
2023-07-20,1.29379,1.29646,1.28404,1.28693
2023-07-21,1.28694,1.29039,1.28163,1.28559
2023-07-24,1.28554,1.28839,1.2798,1.28229
2023-07-25,1.28245,1.29047,1.28098,1.29016
2023-07-26,1.29019,1.29604,1.28756,1.29457
2023-07-27,1.29434,1.29959,1.27823,1.27975
2023-07-28,1.27982,1.28856,1.27633,1.28576
2023-07-31,1.28582,1.28727,1.28285,1.28385
2023-08-01,1.28387,1.28415,1.27417,1.27912
2023-08-02,1.27955,1.28056,1.26807,1.27131
2023-08-03,1.2713,1.27282,1.26225,1.27118
2023-08-04,1.27128,1.27923,1.26901,1.27424
2023-08-07,1.27487,1.27891,1.27132,1.27816
2023-08-08,1.27812,1.27855,1.26846,1.2746
2023-08-09,1.27449,1.27813,1.27122,1.27185
2023-08-10,1.27179,1.28164,1.26702,1.26798
2023-08-11,1.26792,1.27387,1.26662,1.26992
2023-08-14,1.26973,1.27146,1.26167,1.26852
2023-08-15,1.26873,1.27523,1.26752,1.27034
2023-08-16,1.27032,1.27663,1.26876,1.27316
2023-08-17,1.27322,1.27874,1.27029,1.27474
2023-08-18,1.27466,1.27659,1.26894,1.27371
2023-08-21,1.27315,1.27667,1.27107,1.27566
2023-08-22,1.27565,1.28003,1.2719,1.27319
2023-08-23,1.27315,1.27643,1.2615,1.27199
2023-08-24,1.27186,1.27287,1.25915,1.26052
2023-08-25,1.26052,1.26541,1.25481,1.25884
2023-08-28,1.25831,1.26107,1.25656,1.26011
2023-08-29,1.26027,1.26549,1.25629,1.26457
2023-08-30,1.26461,1.27458,1.26189,1.27204
2023-08-31,1.27222,1.27346,1.26528,1.26726
2023-09-01,1.26723,1.27126,1.25777,1.25861
2023-09-04,1.25912,1.26426,1.25868,1.26303
2023-09-05,1.2629,1.26316,1.25286,1.2569
2023-09-06,1.25687,1.2588,1.24829,1.25043
2023-09-07,1.25036,1.25083,1.24461,1.24714
2023-09-08,1.24719,1.2514,1.24514,1.24558
2023-09-11,1.24758,1.25477,1.24729,1.25118
2023-09-12,1.25118,1.25295,1.24596,1.24921
2023-09-13,1.24921,1.25117,1.24394,1.24903
2023-09-14,1.24903,1.25061,1.23967,1.24104
2023-09-15,1.24099,1.24458,1.23793,1.23843
2023-09-18,1.23869,1.24104,1.23706,1.23885
2023-09-19,1.23865,1.24245,1.23702,1.23927
2023-09-20,1.23917,1.24214,1.23321,1.23455
2023-09-21,1.23452,1.23456,1.22444,1.22945
2023-09-22,1.22945,1.22946,1.22308,1.2239
2023-09-25,1.22411,1.22498,1.21941,1.22111
2023-09-26,1.22116,1.22154,1.2153,1.21569
2023-09-27,1.21566,1.21643,1.2111,1.21377
2023-09-28,1.21377,1.22246,1.21204,1.2204
2023-09-29,1.22043,1.22718,1.21808,1.21998
2023-10-02,1.21954,1.22201,1.20849,1.20886
2023-10-03,1.20896,1.21012,1.20526,1.20768
2023-10-04,1.20763,1.21768,1.20376,1.21378
2023-10-05,1.21378,1.2196,1.21079,1.21921
2023-10-06,1.21925,1.22608,1.21072,1.22421
2023-10-09,1.22036,1.22442,1.21632,1.22387
2023-10-10,1.22393,1.22914,1.2212,1.22847
2023-10-11,1.22851,1.23372,1.22699,1.23112
2023-10-12,1.23116,1.23314,1.21721,1.21793
2023-10-13,1.21801,1.22251,1.21228,1.21401
2023-10-16,1.21467,1.22194,1.21431,1.22149
2023-10-17,1.2214,1.22166,1.21336,1.21845
2023-10-18,1.21836,1.22112,1.21372,1.21412
2023-10-19,1.2142,1.21909,1.20901,1.21435
2023-10-20,1.21425,1.21703,1.20938,1.2161
2023-10-23,1.21623,1.22584,1.21436,1.22465
2023-10-24,1.22455,1.22888,1.21535,1.21617
2023-10-25,1.21618,1.21761,1.21072,1.21105
2023-10-26,1.21107,1.21397,1.20698,1.2129
2023-10-27,1.2129,1.21623,1.21057,1.21204
2023-10-30,1.21173,1.21746,1.20903,1.21651
2023-10-31,1.21651,1.22005,1.21199,1.2151
2023-11-01,1.21511,1.21696,1.2096,1.21666
2023-11-02,1.21666,1.2225,1.21557,1.21971
2023-11-03,1.21971,1.23894,1.21847,1.23791
2023-11-06,1.23705,1.24285,1.23384,1.23473
2023-11-07,1.23474,1.23474,1.22627,1.23012
2023-11-08,1.2302,1.2302,1.2242,1.22851
2023-11-09,1.22839,1.23086,1.2213,1.22236
2023-11-10,1.2224,1.22378,1.21873,1.22263
2023-11-13,1.22289,1.22804,1.22234,1.22764
2023-11-14,1.22758,1.25061,1.22657,1.24921
2023-11-15,1.24939,1.24999,1.24042,1.24193
2023-11-16,1.24172,1.24556,1.23771,1.24167
2023-11-17,1.24153,1.24612,1.23743,1.24605
2023-11-20,1.24594,1.25176,1.24464,1.25048
2023-11-21,1.25045,1.25593,1.25042,1.25339
2023-11-22,1.25364,1.25496,1.24493,1.24953
2023-11-23,1.24945,1.25629,1.24891,1.25331
2023-11-24,1.25358,1.26152,1.25247,1.26102
2023-11-27,1.26053,1.26445,1.25913,1.2628
2023-11-28,1.26304,1.27149,1.26076,1.26975
2023-11-29,1.26977,1.27328,1.26652,1.26942
2023-11-30,1.26926,1.27103,1.26036,1.26277
2023-12-01,1.26273,1.27161,1.2614,1.27092
2023-12-04,1.27099,1.27247,1.26045,1.26328
2023-12-05,1.2631,1.26513,1.25776,1.25932
2023-12-06,1.2593,1.26138,1.2552,1.25604
2023-12-07,1.25601,1.26114,1.25448,1.25916
2023-12-08,1.25945,1.26012,1.25029,1.25479
2023-12-11,1.25456,1.25903,1.25352,1.25567
2023-12-12,1.25556,1.26144,1.25146,1.25666
2023-12-13,1.25661,1.26347,1.25006,1.26244
2023-12-14,1.26243,1.27941,1.26124,1.2763
2023-12-15,1.27644,1.27903,1.26686,1.26744
2023-12-18,1.26751,1.27041,1.26294,1.2649
2023-12-19,1.26497,1.2762,1.26463,1.27302
2023-12-20,1.27303,1.2733,1.26252,1.26392
2023-12-21,1.26406,1.2696,1.26125,1.2682
2023-12-22,1.2685,1.27443,1.26792,1.27032
2023-12-26,1.26922,1.27303,1.26848,1.27236
2023-12-27,1.27219,1.28026,1.26993,1.28019
2023-12-28,1.28021,1.28277,1.27128,1.27373
2023-12-29,1.27353,1.27728,1.27008,1.2748
2024-01-02,1.27291,1.27596,1.26111,1.26207
2024-01-03,1.26218,1.26768,1.26167,1.26659
2024-01-04,1.26656,1.27299,1.26573,1.26855
2024-01-05,1.26856,1.27707,1.2613,1.27201
2024-01-08,1.2719,1.27671,1.26738,1.27482
2024-01-09,1.27504,1.2765,1.26904,1.27089
2024-01-10,1.27091,1.27441,1.26868,1.27407
2024-01-11,1.27401,1.27846,1.26904,1.27612
2024-01-12,1.27627,1.27856,1.27198,1.27449
2024-01-15,1.27486,1.27653,1.27133,1.27282
2024-01-16,1.27283,1.27283,1.26197,1.2639
2024-01-17,1.26375,1.26954,1.2597,1.26761
2024-01-18,1.26774,1.27089,1.26485,1.2705
2024-01-19,1.27059,1.27148,1.26615,1.27023
2024-01-22,1.26977,1.27329,1.26872,1.27117
2024-01-23,1.2711,1.27472,1.26494,1.26849
2024-01-24,1.2685,1.27743,1.2685,1.27251
2024-01-25,1.27257,1.27426,1.2682,1.2709
2024-01-26,1.27102,1.27585,1.26757,1.27019
2024-01-29,1.27006,1.2719,1.26623,1.27095
2024-01-30,1.27086,1.27212,1.26405,1.26999
2024-01-31,1.26993,1.27498,1.26585,1.26872
2024-02-01,1.26872,1.27559,1.26257,1.27439
2024-02-02,1.27449,1.27721,1.26145,1.26375
2024-02-05,1.26322,1.26375,1.25187,1.25407
2024-02-06,1.25378,1.2603,1.2533,1.25993
2024-02-07,1.25982,1.26417,1.25971,1.26287
2024-02-08,1.26281,1.26387,1.25719,1.26176
2024-02-09,1.26176,1.2643,1.25996,1.26305
2024-02-12,1.2629,1.26547,1.26064,1.26275
2024-02-13,1.2626,1.26837,1.25733,1.25948
2024-02-14,1.25953,1.26112,1.25357,1.2564
2024-02-15,1.25652,1.26023,1.25422,1.26019
2024-02-16,1.26011,1.26245,1.25517,1.26007
2024-02-19,1.26048,1.26297,1.25836,1.2596
2024-02-20,1.25963,1.26686,1.25796,1.26228
2024-02-21,1.26226,1.26411,1.26028,1.26375
2024-02-22,1.26378,1.27089,1.2612,1.26584
2024-02-23,1.26579,1.2701,1.26492,1.26699
2024-02-26,1.26736,1.26996,1.26569,1.26845
2024-02-27,1.26842,1.26969,1.26606,1.26865
2024-02-28,1.26853,1.26862,1.26226,1.26611
2024-02-29,1.26609,1.26818,1.2613,1.26245
2024-03-01,1.2624,1.26638,1.26002,1.26563
2024-03-04,1.26555,1.27061,1.26538,1.26919
2024-03-05,1.26914,1.27347,1.26714,1.27043
2024-03-06,1.27054,1.27611,1.26904,1.27299
2024-03-07,1.27299,1.28112,1.27235,1.28085
2024-03-08,1.28092,1.28938,1.28013,1.28514
2024-03-11,1.28486,1.28622,1.27952,1.28124
2024-03-12,1.28119,1.28233,1.27471,1.27929
2024-03-13,1.27929,1.28105,1.27747,1.27993
2024-03-14,1.27993,1.28228,1.27309,1.27505
2024-03-15,1.27503,1.27589,1.27253,1.27355
2024-03-18,1.27341,1.27468,1.27184,1.27263
2024-03-19,1.27263,1.27331,1.26682,1.27211
2024-03-20,1.27212,1.27933,1.26847,1.27932
2024-03-21,1.27931,1.28036,1.26507,1.26576
2024-03-22,1.26576,1.26752,1.25756,1.26005
2024-03-25,1.25974,1.26523,1.25923,1.26367
2024-03-26,1.26368,1.26681,1.26223,1.26282
2024-03-27,1.26291,1.26413,1.26056,1.26169
2024-03-28,1.26172,1.26546,1.25861,1.2625
2024-03-29,1.26248,1.26451,1.26107,1.26186
2024-04-01,1.26292,1.26423,1.25398,1.25528
